English Title,Native Title,Year,Country,Rating_mdl,Number of Raters_mdl,Rating_douban,Number of Raters_douban,ID,URL
Love Between Fairy and Devil,苍兰诀,2022,China,8.8,23003,8.1,743154,34779776,https://mydramalist.com/53117-cang-lan-jue
Reset,开端,2022,China,9.0,15357,7.9,897855,35332289,https://mydramalist.com/697563-kai-duan
You Are My Glory,你是我的荣耀,2021,China,8.7,25148,6.9,488997,33454980,https://mydramalist.com/62337-you-are-my-glory
Chinese Paladin,仙劍奇俠傳,2005,China,7.9,990,9.2,368211,2210031,https://mydramalist.com/486-chinese-paladin
Under the Skin,猎罪图鉴,2022,China,8.7,4441,7.6,348096,35307437,https://mydramalist.com/70249-lie-zui-tu-jian
Love and Redemption,琉璃,2020,China,8.7,11978,7.4,378572,30358061,https://mydramalist.com/39661-love-and-redemption
The Long Night,沉默的真相,2020,China,8.5,1093,9.0,929421,33447642,https://mydramalist.com/49485-the-long-night
Eternal Love,三生三世十里桃花,2017,China,8.8,21169,6.6,352914,25975243,https://mydramalist.com/16547-eternal-love
Under the Power,锦衣之下,2019,China,8.4,5629,7.5,370723,27107123,https://mydramalist.com/25650-beneath-the-embroidered-uniform
The Glory,더 글로리,2022,South Korea,8.9,55987,8.9,518363,35314632,https://mydramalist.com/685237-untitled-kim-eun-sook-project
Three-Body,三体,2023,China,8.2,617,8.7,445140,26647087,https://mydramalist.com/63487-the-three-body-problem
Word of Honor,山河令,2021,China,8.6,19597,8.5,593450,34923491,https://mydramalist.com/59021-tian-ya-ke
The Romance of Tiger and Rose,传闻中的陈芊芊,2020,China,8.6,21031,7.3,389973,34463197,https://mydramalist.com/38907-the-third-princess-from-the-rumors
Legend of Fei,有翡,2020,China,8.0,6540,5.6,402215,27069428,https://mydramalist.com/27293-legend-of-fei
A Murderous Affair in Horizon Tower,摩天大楼,2020,China,8.5,1258,7.9,326114,33393274,https://mydramalist.com/37243-a-murderous-affair-in-horizon-tower
The Disguiser,伪装者,2015,China,8.2,840,8.6,344704,25994712,https://mydramalist.com/13061-the-disguiser
Mysterious Lotus Casebook,莲花楼,2023,China,9.0,5101,8.5,648196,35633163,https://mydramalist.com/713331-the-lotus-casebook
Go Go Squid!,亲爱的，热爱的,2019,China,8.4,25680,6.6,479460,26794191,https://mydramalist.com/27467-go-go-squid
With You,最好的我们,2016,China,7.9,2366,8.9,405013,26602244,https://mydramalist.com/16987-with-you
The Story of Ming Lan,知否知否应是绿肥红瘦,2018,China,8.8,7806,7.9,584402,26928226,https://mydramalist.com/23911-the-story-of-ming-lan
Story of Yanxi Palace,延禧攻略,2018,China,8.8,8046,7.1,418756,26999852,https://mydramalist.com/28565-the-tale-of-yanxi-palace
Joy of Life,庆余年,2019,China,9.0,8913,7.9,1046628,25853071,https://mydramalist.com/28674-joy-of-life
Ashes of Love,香蜜沉沉烬如霜,2018,China,8.6,20754,7.8,533244,26920281,https://mydramalist.com/23281-heavy-sweetness-ash-like-frost
Signal,시그널,2016,South Korea,8.9,33002,9.2,328801,26310143,https://mydramalist.com/13239-signal
Legal High,리갈하이,2019,South Korea,7.6,1755,9.4,352338,10491666,https://mydramalist.com/31464-legal-high
Rattan,司藤,2021,China,8.0,3093,6.9,284213,27605542,https://mydramalist.com/48685-si-teng
Ordinary Greatness,警察荣誉,2022,China,8.3,695,8.5,291705,35429466,https://mydramalist.com/694977-jing-cha-rong-yao
My Heroic Husband,赘婿,2021,China,8.2,2848,6.3,279653,27148168,https://mydramalist.com/61977-zhui-xu
Ode to Joy,欢乐颂,2016,China,8.3,2223,7.5,308460,26430092,https://mydramalist.com/15663-ode-to-joy
Soul,혼,2009,South Korea,7.2,1080,8.6,306098,27068009,https://mydramalist.com/725-soul
Tientsin Mystic,河神,2017,China,8.1,1126,8.1,241050,26776350,https://mydramalist.com/23674-tientsin-mystic
Delicious Romance,爱很美味,2021,China,8.3,953,8.1,285977,35297263,https://mydramalist.com/684207-delicious-romance
Candle in the Tomb,鬼吹灯之精绝古城,2016,China,7.8,894,7.9,259759,26298935,https://mydramalist.com/19236-candle-in-the-tomb
Beautiful Days,아름다운 날들,2001,South Korea,7.5,571,8.1,237937,35344085,https://mydramalist.com/722-beautiful-days
"Good Bye, My Princess",东宫,2019,China,8.2,5899,7.6,264748,25823280,https://mydramalist.com/21684-good-bye-my-princess
Detective Chinatown,唐人街探案,2020,China,7.9,751,7.1,292339,30354606,https://mydramalist.com/49239-detective-chinatown
Go Ahead,以家人之名,2020,China,8.9,21773,6.7,293035,34463476,https://mydramalist.com/40911-go-ahead
Ruyi's Royal Love in the Palace,如懿传,2018,China,8.4,2304,7.5,327302,25812730,https://mydramalist.com/18756-ruyis-royal-love-in-the-palace
Love and Destiny,宸汐缘,2019,China,8.4,4926,8.3,243948,30230682,https://mydramalist.com/29240-the-fate-of-chen-xi
My Huckleberry Friends,你好，旧时光,2017,China,8.1,1376,8.6,265967,26581830,https://mydramalist.com/22029-my-huckleberry-friends
Young Blood,大宋少年志,2019,China,8.3,1550,7.8,255222,30170894,https://mydramalist.com/29866-young-blood
Battle of Changsha,战长沙,2014,China,8.6,2382,9.1,270413,20258941,https://mydramalist.com/5591-battle-of-changsha
Shinya Shokudo,深夜食堂,2009,Japan,8.3,1298,9.2,182078,3991933,https://mydramalist.com/679-shinya-shokudo
Princess Agents,特工皇妃楚乔传,2017,China,8.2,8433,5.3,191824,26363186,https://mydramalist.com/19464-princess-agents
Hanzawa Naoki,半沢直樹,2013,Japan,8.6,2625,9.2,286635,24697949,https://mydramalist.com/7125-hanzawa-naoki
A Love So Beautiful,致我们单纯的小美好,2017,China,8.3,33331,7.1,170183,27008416,https://mydramalist.com/24644-a-love-so-beautiful
Nothing But You,眼里余光都是你,2022,China,7.6,2177,8.2,154781,35203354,https://mydramalist.com/79869-my-eyes-are-full-of-you
Stranger,비밀의 숲,2017,South Korea,8.8,22698,9.2,187562,26934346,https://mydramalist.com/21934-stranger
The Master's Sun,주군의 태양,2013,South Korea,8.5,46334,8.6,140334,24700578,https://mydramalist.com/6756-the-masters-sun
While You Were Sleeping,당신이 잠든 사이에,2017,South Korea,8.7,76849,8.4,180705,26887064,https://mydramalist.com/21576-while-you-were-sleeping
Shards of Her,她和她的她,2022,Taiwan,8.2,654,8.6,146400,35604644,https://mydramalist.com/726467-ta-he-ta-de-ta
Schemes of a Beauty,美人心計,2010,China,7.8,695,7.7,163698,3933008,https://mydramalist.com/2864-schemes-of-a-beauty
Full House, 풀하우스 ,2004,South Korea,7.7,25498,8.1,160769,1764730,https://mydramalist.com/24-full-house-
Medical Examiner Dr. Qin,法医秦明,2016,China,8.4,2978,7.0,178318,26674019,https://mydramalist.com/20284-medical-examiner-dr.-qin
Flower of Evil,악의 꽃,2020,South Korea,9.1,57981,8.7,218459,34948080,https://mydramalist.com/54625-flower-of-evil
Reply 1988,응답하라 1988,2015,South Korea,9.1,45356,9.7,939245,26302614,https://mydramalist.com/13544-reply-1988
Kingdom,킹덤,2019,South Korea,8.8,36064,8.6,245157,26947951,https://mydramalist.com/22806-kingdom
Swords of Legends,古剑奇谭,2014,China,7.8,1604,7.3,145528,24697826,https://mydramalist.com/7748-swords-of-legends
Quartet,カルテット,2017,Japan,8.2,1402,9.1,228689,26895171,https://mydramalist.com/21742-quartet
My Dangerous Wife,나의 위험한 아내,2020,South Korea,7.8,1092,9.1,222864,26741568,https://mydramalist.com/58567-my-dangerous-wife
Sweet Home,스위트홈,2020,South Korea,8.7,56891,7.8,154978,34858078,https://mydramalist.com/34064-sweet-home
Pinocchio,피노키오,2014,South Korea,8.4,67327,8.3,224203,25928794,https://mydramalist.com/11074-pinocchio
Oh No! Here Comes Trouble,不良執念清除師,2023,Taiwan,9.0,3545,8.8,212412,35839999,https://mydramalist.com/730629-bu-liang-zhi-nian-qing-chu-shi
Romance in the Rain,情深深雨蒙蒙,2001,China,7.9,585,7.4,169623,1786742,https://mydramalist.com/3236-romance-in-the-rain
The Rise of Phoenixes,天盛长歌,2018,China,8.4,4055,8.1,221862,26761328,https://mydramalist.com/21032-the-rise-of-phoenixes
The First Half of My Life,我的前半生,2017,China,8.2,562,6.4,179229,26358696,https://mydramalist.com/24131-the-first-half-of-my-life
Put Your Head on My Shoulder,致我们暖暖的小时光,2019,China,8.4,39899,7.7,179556,30246899,https://mydramalist.com/31385-put-your-head-on-my-shoulder
Itaewon Class,이태원 클라쓰,2020,South Korea,8.4,72444,7.2,179429,34617196,https://mydramalist.com/33898-itaewon-class
Boss & Me,杉杉来了,2014,China,8.0,14151,7.7,145328,25823274,https://mydramalist.com/8996-boss-me
My Sunshine,何以笙箫默,2015,China,7.9,4506,7.4,180610,25885442,https://mydramalist.com/9137-my-sunshine
Forever and Ever,一生一世,2021,China,8.4,7948,6.2,143144,35095274,https://mydramalist.com/61865-love-your-bones-forever
Unnatural,アンナチュラル,2018,Japan,8.7,3439,9.5,668426,27140017,https://mydramalist.com/25422-unnatural
The Eternal Love,双世宠妃,2017,China,8.1,11411,6.1,70255,27080949,https://mydramalist.com/24275-the-eternal-love
Love of Thousand Years,三千鸦杀,2020,China,7.9,4070,5.3,73655,27611494,https://mydramalist.com/34088-the-killing-of-three-thousand-crows
"Thank You, Doctor",谢谢你医生,2022,China,7.6,545,6.4,85828,34454212,https://mydramalist.com/50127-thank-you-doctor
Nagi no Oitoma,凪のお暇,2019,Japan,8.3,1305,8.8,216772,33418567,https://mydramalist.com/35629-nagi-no-oitoma
Parallel World,西出玉门,2023,China,8.2,1058,6.8,73218,35165338,https://mydramalist.com/65705-west-out-of-the-yu-men
Royal Nirvana,鹤唳华亭,2019,China,8.1,1131,7.1,90306,27114834,https://mydramalist.com/29140-royal-nirvana
First Love,初次爱你,2022,China,7.8,2739,8.5,134623,35275350,https://mydramalist.com/77477-first-time-love-you-its-not-too-late
Sisyphus,在劫难逃,2020,China,7.5,542,6.0,104994,33426097,https://mydramalist.com/50101-sisyphus
Novoland: Eagle Flag,九州缥缈录,2019,China,7.9,1135,5.9,104606,26738112,https://mydramalist.com/26037-novoland-eagle-flag
The Journey of Flower,花千骨,2015,China,8.1,3762,7.3,209727,25812420,https://mydramalist.com/9219-the-journey-of-flower
New World,신세계로부터,2021,South Korea,8.5,2246,5.5,91873,30329906,https://mydramalist.com/705881-go-to-new-world-first
Gen Z,后浪,2023,China,8.2,2647,4.1,96945,35312037,https://mydramalist.com/713693-hou-lang
Nobody Knows,아무도 모른다,2020,South Korea,8.5,4781,7.7,73383,34429670,https://mydramalist.com/35205-nobody-knows
The Golden Eyes,黄金瞳,2019,China,7.7,1260,5.4,72979,27145039,https://mydramalist.com/25478-the-golden-eyes
Secret Garden,시크릿 가든,2010,South Korea,8.2,52609,8.4,123391,4967578,https://mydramalist.com/8-secret-garden-2010
Sparrow,麻雀,2016,China,8.0,599,7.0,84474,26415255,https://mydramalist.com/16087-sparrow
I Hear Your Voice,너의 목소리가 들려,2013,South Korea,8.5,44981,8.7,206513,24702659,https://mydramalist.com/6993-i-hear-your-voice
Bloody Romance,媚者无疆,2018,China,7.9,4218,7.0,73205,27089387,https://mydramalist.com/27510-bloody-romance
The Rebel Princess,上阳赋,2021,China,8.4,3122,5.6,84364,26635380,https://mydramalist.com/28037-emperor-phoenix
The Sound of Your Heart,마음의 소리,2016,South Korea,8.3,8413,9.2,129663,26435723,https://mydramalist.com/16861-the-sound-of-your-heart
Pretty Li Hui Zhen,漂亮的李慧珍,2017,China,7.6,4307,3.1,209079,26752700,https://mydramalist.com/19444-pretty-li-hui-zhen
Swordsman,笑傲江湖,2013,China,7.6,764,8.5,83259,2155290,https://mydramalist.com/4248-swordsman
The Bond,乔家的儿女,2021,China,8.5,1172,7.7,210464,34792295,https://mydramalist.com/61969-qiao-jia-de-er-nu
Find Yourself,下一站是幸福,2020,China,8.0,9177,5.9,202314,30176770,https://mydramalist.com/30372-find-yourself
The Sword and the Brocade,锦心似玉,2021,China,8.3,6159,5.6,96812,34912917,https://mydramalist.com/58945-jin-xin-si-yu
Nodame Cantabile,のだめカンタービレ,2006,Japan,8.3,10225,9.1,126861,1997685,https://mydramalist.com/32-nodame-cantabile
The Vigilantes in Masks,怪侠一枝梅,2011,China,8.1,1153,8.5,74584,4861422,https://mydramalist.com/2747-the-vigilantes-in-masks
Suddenly This Summer,忽而今夏,2018,China,7.6,856,8.0,91490,27041389,https://mydramalist.com/24661-suddenly-this-summer
Something in the Rain,밥 잘 사주는 예쁜 누나,2018,South Korea,8.0,31654,7.6,107832,27663984,https://mydramalist.com/25173-pretty-noona-who-buys-me-food
Dream Garden,沉睡花园,2021,China,7.9,2287,7.3,89803,35231373,https://mydramalist.com/694367-sleeping-garden
Twenty Your Life On,二十不惑,2020,China,8.0,583,6.3,117458,34428631,https://mydramalist.com/38767-twenty-not-confused
Crash Landing on You,사랑의 불시착,2019,South Korea,9.0,103482,8.3,272740,33425578,https://mydramalist.com/35729-emergency-lands-of-love
Le Coup de Foudre,我只喜欢你,2019,China,8.5,10992,7.3,115504,27020659,https://mydramalist.com/27234-le-coup-de-foudre
Fights Break Sphere,斗破苍穹,2018,China,8.2,4253,4.4,116587,26882446,https://mydramalist.com/22170-fights-break-sphere
Skate Into Love,冰糖炖雪梨,2020,China,8.4,14630,6.9,150567,30327835,https://mydramalist.com/34030-skate-into-love
My Mister,나의 아저씨,2018,South Korea,9.0,27605,9.4,161503,27602137,https://mydramalist.com/25172-my-ajusshi
Brush Up Life,ブラッシュアップライフ,2023,Japan,8.6,1164,9.4,306867,36156235,https://mydramalist.com/743381-brush-up-life
Gank Your Heart,陪你到世界之巅,2019,China,8.2,9229,7.5,134061,27068601,https://mydramalist.com/30561-gank-your-heart
The Heart of Genius,天才基本法,2022,China,8.1,892,7.3,115239,34982236,https://mydramalist.com/60653-basic-law-of-genius
A Journey to Love,一念关山,2023,China,8.7,4175,6.4,145303,35797771,https://mydramalist.com/731967-a-journey-to-love
Ancient Love Poetry,千古玦尘,2021,China,8.5,8197,5.4,152223,26811532,https://mydramalist.com/59327-the-legend-of-gu-and-jue
Legal High 2,リーガルハイ,2013,Japan,8.3,1476,9.4,255710,23997724,https://mydramalist.com/7930-legal-high-2
Evil Minds,心理罪,2015,China,8.0,603,7.6,76900,26345152,https://mydramalist.com/14890-evil-minds
Somewhere Only We Know,独家记忆,2019,China,7.6,3782,7.2,76700,30196806,https://mydramalist.com/30362-exclusive-memory
The Mystic Nine,老九门,2016,China,8.1,2284,7.0,139411,26614088,https://mydramalist.com/16228-the-mystic-nine
When We Were Young,人不彪悍枉少年,2018,China,8.4,8107,7.4,76645,27615866,https://mydramalist.com/26895-ren-bu-biao-han-wang-shao-nian
The Legends,招摇,2019,China,8.2,8337,6.0,78203,27075195,https://mydramalist.com/26760-the-legends
Ever Night,将夜,2018,China,8.4,4662,7.4,80297,26848645,https://mydramalist.com/27178-ever-night
"Wrong Carriage, Right Groom",花轿喜事,2023,China,7.8,2404,8.6,156814,2229576,https://mydramalist.com/78349-new-wrong-carriage-right-groom
Three Kingdoms,三国,2010,China,8.3,610,7.9,81449,3237723,https://mydramalist.com/2036-three-kingdoms
An Ancient Love Song,古相思曲,2023,China,8.2,1130,8.6,182500,36155049,https://mydramalist.com/695611-gu-si-xiang-qu
Stand by Me,与君歌,2021,China,8.2,2428,9.1,115233,26391976,https://mydramalist.com/61975-meng-xing-chang-an
Journey to the West,西遊記,1996,Hong Kong,8.3,937,8.1,75425,2245679,https://mydramalist.com/2633-journey-to-the-west-1996
Fated to Love You,命中注定我愛你,2008,Taiwan,7.9,10111,7.6,116307,2989755,https://mydramalist.com/747-fated-to-love-you
Dragon Zakura,ドラゴン桜,2005,Japan,7.7,4430,8.8,114565,1915312,https://mydramalist.com/151-dragon-zakura
Healer,힐러,2014,South Korea,8.8,70808,8.7,133525,25932015,https://mydramalist.com/10814-healer
The Starry Love,星落凝成糖,2023,China,8.6,7306,7.2,124086,34991920,https://mydramalist.com/58165-love-when-the-stars-fall
Nothing Gold Can Stay,那年花开月正圆,2017,China,8.1,779,7.2,130332,26801052,https://mydramalist.com/20584-nothing-gold-can-stay
My Journey to You,云之羽,2023,China,8.6,6473,6.1,125686,35861101,https://mydramalist.com/737063-half-of-us
City Hunter,시티헌터,2011,South Korea,8.3,43513,8.2,117707,6013893,https://mydramalist.com/1702-city-hunter-2011
Meteor Garden,流星花園,2001,Taiwan,7.8,7787,8.2,120253,2978224,https://mydramalist.com/141-meteor-garden
Reply 1997,응답하라 1997,2012,South Korea,8.5,37710,8.9,136823,11516684,https://mydramalist.com/4689-reply-1997
Be Melodramatic,멜로가 체질,2019,South Korea,8.4,11971,9.2,118297,30464551,https://mydramalist.com/26488-the-nature-of-a-melo
Romance on the Farm,田耕纪,2023,China,8.1,1490,6.6,68677,35496394,https://mydramalist.com/700361-wo-shi-xiao-di-zhu
SKY Castle,SKY 캐슬,2018,South Korea,8.8,29198,8.8,132571,30304087,https://mydramalist.com/30740-sky-castle
A Familiar Stranger,虚颜,2022,China,8.4,3889,7.4,61754,35924066,https://mydramalist.com/733007-the-evil-face
Flight to You,向风而行,2022,China,8.1,2432,6.8,66159,34953692,https://mydramalist.com/64587-flight-to-you
Mr. Fighting,加油，你是最棒的,2019,China,7.8,657,7.1,68859,30337138,https://mydramalist.com/31183-keep-going-you-re-the-best
My Girl,99分女朋友,2020,China,7.9,9116,8.2,133175,1790373,https://mydramalist.com/51207-my-girl
"Kill Me, Heal Me",킬미힐미,2015,South Korea,8.7,50025,8.8,118604,25994747,https://mydramalist.com/10873-kill-me-heal-me
My Lucky Star,放羊的星星,2007,Taiwan,7.7,2307,8.1,120577,2157176,https://mydramalist.com/645-my-lucky-star-2007
When a Snail Falls in Love,如果蜗牛有爱情,2016,China,8.2,7370,7.2,99417,26345137,https://mydramalist.com/18664-when-a-snail-falls-in-love
Missing You,보고싶다,2012,South Korea,7.9,13715,6.7,63906,35490187,https://mydramalist.com/5364-missing-you
Song of Youth,玉楼春,2021,China,8.1,1153,4.7,60719,34852731,https://mydramalist.com/51217-yu-lou-chun
General and I,孤芳不自赏,2017,China,7.9,4700,3.2,63254,26608228,https://mydramalist.com/19028-general-and-i
Begin Again,从结婚开始恋爱,2020,China,8.2,12273,5.9,60268,34908089,https://mydramalist.com/53735-we-started-dating-from-marriage
Diamond Lover,克拉恋人,2015,China,7.3,1344,5.9,62839,26258068,https://mydramalist.com/11832-diamond-lover
Arsenal Military Academy,烈火军校,2019,China,8.5,11326,6.6,64839,30157168,https://mydramalist.com/30919-arsenal-military-academy
Detective L,绅探,2019,China,8.3,1738,6.4,61684,30194391,https://mydramalist.com/30757-detective-l
Untouchable Lovers,凤囚凰,2018,China,7.5,3201,3.8,64274,26359236,https://mydramalist.com/11462-untouchable-lovers
She Was Pretty,그녀는 예뻤다,2015,South Korea,8.0,55567,7.3,63145,26438858,https://mydramalist.com/15055-she-was-pretty
Death's Game,"이재, 곧 죽습니다",2023,South Korea,8.9,18564,8.3,105479,35991840,https://mydramalist.com/733445-i-will-die-soon
Doctor Stranger,닥터 이방인,2014,South Korea,7.9,34707,7.4,82460,25792670,https://mydramalist.com/8933-doctor-stranger
Hometown Cha-Cha-Cha,갯마을 차차차,2021,South Korea,8.7,64260,8.6,99735,35296153,https://mydramalist.com/683929-mr-hong
Splash Splash LOVE,퐁당퐁당 LOVE,2015,South Korea,8.4,30097,8.0,62735,26646387,https://mydramalist.com/15550-splash-splash-love
The World of the Married,부부의 세계,2020,South Korea,8.4,17434,7.3,83390,34851294,https://mydramalist.com/39975-the-married-life
Extraordinary You,어쩌다 발견한 하루,2019,South Korea,8.4,56645,7.5,96946,33446363,https://mydramalist.com/33768-july-found-by-chance
Touch Your Heart,진심이 닿다,2019,South Korea,8.2,48564,7.7,97167,30304086,https://mydramalist.com/30817-touch-your-heart
The King: Eternal Monarch,더 킹: 영원의 군주,2020,South Korea,8.1,51531,7.1,78068,33437305,https://mydramalist.com/35039-the-king-the-eternal-monarch
Life on Mars,라이프 온 마스,2018,South Korea,8.7,10539,8.9,85715,27622822,https://mydramalist.com/26949-life-on-mars
Memories of the Alhambra,알함브라 궁전의 추억,2018,South Korea,8.0,32562,7.5,65560,27603700,https://mydramalist.com/28168-memories-of-the-alhambra
Misty,미스티,2018,South Korea,8.2,4249,7.3,82250,27097811,https://mydramalist.com/24221-misty
Search: WWW,검색어를 입력하세요: WWW,2019,South Korea,8.3,25476,8.4,68485,30403333,https://mydramalist.com/32007-www
"Work Later, Drink Now",술꾼도시여자들,2021,South Korea,8.4,5969,9.0,86156,35460374,https://mydramalist.com/699553-oh-my-lord
Dear My Friends,디어 마이 프렌즈,2016,South Korea,8.7,3887,9.5,68766,26636816,https://mydramalist.com/15845-dear-my-friends
Moon Lovers: Scarlet Heart Ryeo,달의 연인 - 보보경심 려,2016,South Korea,8.7,69025,7.2,76831,26433135,https://mydramalist.com/15999-moon-lovers-scarlet-heart-ryeo
The Light in Your Eyes,눈이 부시게,2019,South Korea,8.1,9016,9.0,74132,30327898,https://mydramalist.com/30917-dazzling
Reply 1994,응답하라 1994,2013,South Korea,8.1,16514,8.7,88492,24759014,https://mydramalist.com/6753-reply-1994
"That Winter, the Wind Blows","그 겨울, 바람이 분다",2013,South Korea,7.9,18006,7.5,60141,19969225,https://mydramalist.com/5200-that-winter-the-wind-blows
Doctor Prisoner,닥터 프리즈너,2019,South Korea,8.3,8383,8.9,83093,30346900,https://mydramalist.com/31283-doctor-prisoner
True Beauty,여신강림,2020,South Korea,8.3,77193,7.4,88268,35049265,https://mydramalist.com/38627-true-beauty
Semantic Error,시맨틱 에러,2022,South Korea,8.2,42018,8.6,93674,35741365,https://mydramalist.com/685259-semantic-error
Liar Game,ライアーゲーム,2007,Japan,8.3,10124,8.4,64201,2018076,https://mydramalist.com/40-liar-game
Shinya Shokudo 2,深夜食堂2,2011,Japan,8.3,777,9.2,76570,6796133,https://mydramalist.com/3039-shinya-shokudo-2
Kenja no Ai,賢者の愛,2016,Japan,7.5,933,7.5,100491,26820448,https://mydramalist.com/19544-kenja-no-ai
Mob Psycho 100,モブサイコ100,2018,Japan,7.3,1049,9.4,123901,26677934,https://mydramalist.com/26015-mob-psycho-100
"Rich Man, Poor Woman",リッチマン、プアウーマン,2012,Japan,8.1,13522,8.2,88431,10756863,https://mydramalist.com/4412-rich-man-poor-woman
The Naked Director,全裸監督,2019,Japan,7.9,1729,7.9,80582,30360724,https://mydramalist.com/31691-naked-director
The Victims' Game,誰是被害者,2020,Taiwan,8.1,1797,8.0,63388,34930834,https://mydramalist.com/53745-the-victims-game
Before We Get Married,我們不能是朋友,2019,Taiwan,8.0,8431,7.2,77978,30309331,https://mydramalist.com/30619-before-we-get-married
Copycat Killer,模仿犯,2023,Taiwan,8.1,1763,7.4,76761,35651927,https://mydramalist.com/722595-copycat-killer
Autumn's Concerto,下一站，幸福,2009,Taiwan,8.5,12306,8.4,93179,4059238,https://mydramalist.com/81-autumns-concerto
Romantic Princess,公主小妹,2007,Taiwan,7.0,5585,6.4,68919,2249496,https://mydramalist.com/101-romantic-princess
Forensic Heroes,法證先鋒,2006,Hong Kong,8.1,759,8.8,100081,1922656,https://mydramalist.com/2095-forensic-heroes
Galileo,ガリレオ,2007,Japan,8.0,2408,8.3,79704,2270390,https://mydramalist.com/278-galileo
Line Walker,使徒行者,2014,Hong Kong,8.2,830,8.5,119510,25708579,https://mydramalist.com/9710-line-walker
Sound of the Desert,风中奇缘,2014,China,8.2,2747,7.0,57864,7564975,https://mydramalist.com/3623-sound-of-the-desert
The Imperial Doctress,女医·明妃传,2016,China,7.8,1637,6.3,54095,25817053,https://mydramalist.com/9532-the-imperial-doctress
The Boy Next Door,썸남,2017,South Korea,7.9,13012,8.9,56637,27011834,https://mydramalist.com/22187-the-boy-next-door
Ancient Detective,侠探简不知,2020,China,8.3,3010,7.8,52740,30371563,https://mydramalist.com/36109-ancient-detective
The Last Immortal,神隐,2023,China,8.2,4027,6.0,54016,35861086,https://mydramalist.com/698285-shen-yin
Negotiator,谈判官,2018,China,7.4,2463,3.5,57569,26727942,https://mydramalist.com/21671-negotiator
Les Interprètes,翻译官,2016,China,7.2,1875,5.7,55409,26287804,https://mydramalist.com/14600-les-interprtes
Undercover,언더커버,2021,South Korea,8.0,1475,7.9,52250,35172465,https://mydramalist.com/59121-undercover
Handsome Siblings,绝代双骄,2020,China,8.1,5101,5.9,51868,26986804,https://mydramalist.com/27397-handsome-siblings
Memory Lost,美人为馅,2016,China,8.1,2637,6.1,52721,26614086,https://mydramalist.com/19030-memory-lost
Master of My Own,请叫我总监,2022,China,8.1,3370,6.5,51275,35060000,https://mydramalist.com/60407-please-call-me-ceo
Unrequited Love,暗恋橘生淮南,2021,China,7.5,2568,6.6,53054,26811775,https://mydramalist.com/32445-unrequited-love
Intense Love,韫色过浓,2020,China,8.2,13114,5.3,54349,34800631,https://mydramalist.com/52317-intense-love
Dream High,드림하이,2011,South Korea,8.0,42218,8.4,51329,5416027,https://mydramalist.com/79-dream-high
Anohana: The Flower We Saw That Day,あの日見た花の名前を僕達はまだ知らない。,2015,Japan,8.0,1976,8.8,148988,5397537,https://mydramalist.com/14778-anohana-the-flower-we-saw-that-day
Dear Diary,我的巴比伦恋人,2021,China,7.7,630,7.2,55919,30132501,https://mydramalist.com/58905-dear-diary
Well-Intended Love,奈何BOSS要娶我,2019,China,7.5,24463,6.6,51672,30258179,https://mydramalist.com/32725-how-boss-wants-to-marry-me
Mondai no Aru Restaurant,問題のあるレストラン,2015,Japan,8.2,1134,8.8,55621,26266666,https://mydramalist.com/12466-mondai-no-aru-restaurant
Love Alarm,좋아하면 울리는,2019,South Korea,7.2,59083,7.7,54929,26955950,https://mydramalist.com/22126-love-alarm
Tamiou,民王,2015,Japan,7.8,678,8.6,56739,26387719,https://mydramalist.com/14461-tamiou
The King's Woman,秦时丽人明月心,2017,China,7.8,5725,4.9,54328,26924742,https://mydramalist.com/22292-the-kings-woman
The Untamed,陈情令,2019,China,9.0,47835,7.7,1767045,27195020,https://mydramalist.com/28723-the-untamed
The Song of Glory,锦绣长歌,2020,China,7.9,2009,5.3,49655,30481881,https://mydramalist.com/33890-song-of-glory
Kyou wa Kaisha Yasumimasu,きょうは会社休みます。,2014,Japan,7.3,2200,7.4,41534,25933326,https://mydramalist.com/10824-kyou-wa-kaisha-yasumimasu
Extracurricular,인간수업,2020,South Korea,8.4,37609,8.2,48512,33425663,https://mydramalist.com/34221-human-lessons
Bad Guys,나쁜 녀석들,2014,South Korea,8.5,14250,8.3,40793,25811005,https://mydramalist.com/9916-bad-guys
The Autumn Ballad,嫣语赋,2022,China,8.0,3642,5.7,42469,35089866,https://mydramalist.com/62621-yan-yu-fu
The Killer Is Also Romantic,念念无明,2022,China,8.1,2613,6.9,47346,35859226,https://mydramalist.com/724971-the-killer-is-also-romantic
Perfect Couple,金玉良缘,2014,China,7.6,2082,6.8,48403,24298399,https://mydramalist.com/7755-perfect-couple
Sweet Revenge,복수노트,2017,South Korea,7.8,12634,8.0,46148,27186532,https://mydramalist.com/24407-sweet-revenge
Lost Love in Times,醉玲珑,2017,China,8.0,3164,5.7,44732,26675795,https://mydramalist.com/20288-lost-love-in-times
Nodame Cantabile in Europe,のだめカンタービレ in ヨーロッパ,2008,Japan,8.3,3417,8.9,46374,3006302,https://mydramalist.com/1774-nodame-cantabile-special
Little Women,작은 아씨들,2022,South Korea,8.5,24613,7.0,49141,35516141,https://mydramalist.com/704957-little-women
Run On,런온,2020,South Korea,8.2,44359,8.4,47023,35014458,https://mydramalist.com/58651-run-on
The Empress of China,武媚娘传奇,2014,China,8.0,1642,5.4,48385,6984046,https://mydramalist.com/9215-the-empress-of-china
Secret Love Affair,밀회,2014,South Korea,7.7,5608,8.8,45241,25792815,https://mydramalist.com/8929-secret-love-affair
Love a Lifetime,暮白首,2020,China,7.8,1014,6.0,43753,30446742,https://mydramalist.com/35481-the-beauty-admires-those-who-grow-old-together
A Korean Odyssey,화유기,2017,South Korea,8.2,43448,7.3,46747,27069434,https://mydramalist.com/24049-hwayuki
Vincenzo,빈센조,2021,South Korea,8.9,80340,8.0,42182,35131278,https://mydramalist.com/61371-vincenzo
Doom at Your Service,어느 날 우리집 현관으로 멸망이 들어왔다,2021,South Korea,8.4,49622,7.5,42811,35087745,https://mydramalist.com/61489-destruction
Sungkyunkwan Scandal,성균관 스캔들,2010,South Korea,8.2,22554,7.8,48813,4812751,https://mydramalist.com/39-sungkyunkwan-scandal
To Love,最初的相遇，最后的别离,2020,China,8.1,895,5.6,47510,30482606,https://mydramalist.com/35849-first-meeting-last-farewell
Age of Legends,橙红年代,2018,China,8.0,1269,6.4,41192,27036972,https://mydramalist.com/24394-age-of-legends
Kekkon Dekinai Otoko,結婚できない男,2006,Japan,8.1,1830,9.0,43099,2160933,https://mydramalist.com/472-kekkon-dekinai-otoko
Mouse: The Predator,마우스: 더 프레데터,2021,South Korea,8.7,2765,9.0,42774,35448891,https://mydramalist.com/697959-mouse-the-predator
Mr. Sunshine,미스터 션샤인,2018,South Korea,8.9,25758,9.0,47498,27059183,https://mydramalist.com/23920-mr.-sunshine
Revenant,악귀,2023,South Korea,8.7,9931,7.8,42795,35724630,https://mydramalist.com/717539-the-devil
The King of Pigs,돼지의 왕,2022,South Korea,8.7,4671,8.6,42346,35480594,https://mydramalist.com/699597-king-of-pigs
Forever Love,百岁之好，一言为定,2020,China,8.5,8198,6.9,41649,34822374,https://mydramalist.com/50395-forever-love
See You Again,超时空罗曼史,2022,China,7.6,925,8.9,58165,35438177,https://mydramalist.com/686365-chao-shi-kong-luo-man-shi
The Confidence Man JP,コンフィデンスマンJP,2018,Japan,8.4,896,8.7,76105,27605548,https://mydramalist.com/26606-the-confidence-man-jp
A Dream of Splendor,梦华录,2022,China,8.5,5437,7.9,870948,35231822,https://mydramalist.com/76169-bian-liang-meng-hua-tu
Moving,무빙,2023,South Korea,9.1,22471,8.9,181682,35206436,https://mydramalist.com/25560-moving
Anna,안나,2022,South Korea,7.8,5560,7.6,90145,35524387,https://mydramalist.com/39667-anna
Strangers from Hell,타인은 지옥이다,2019,South Korea,8.7,29300,8.4,122029,30442494,https://mydramalist.com/33075-strangers-from-hell
Winter Begonia,鬓边不是海棠红,2020,China,8.6,1487,8.0,153872,30291088,https://mydramalist.com/31618-winter-begonia
She and Her Perfect Husband,爱的二八定律,2022,China,7.9,7579,5.9,144083,35152536,https://mydramalist.com/64781-the-80-20-rule-of-love
D.P.,디피,2021,South Korea,8.8,28895,9.1,111673,35028876,https://mydramalist.com/59001-d-p-dog-day
The Oath of Love,余生，请多指教,2022,China,8.3,11236,6.0,391978,30403219,https://mydramalist.com/38807-yu-sheng-qing-duo-zhi-jiao
Amidst a Snowstorm of Love,在暴雪时分,2024,China,8.7,4874,6.6,107218,35496759,https://mydramalist.com/702919-during-the-snowstorm
The Fallen Leaf,ใบไม้ที่ปลิดปลิว,2019,Thailand,7.8,1350,7.2,34182,30438479,https://mydramalist.com/33035-bai-mai-tee-plid-plew
Someday or One Day,想見你,2019,Taiwan,9.0,8840,9.2,824193,30468961,https://mydramalist.com/39715-some-day-or-one-day
Hi Venus,我可能遇到了救星,2022,China,8.4,5111,8.1,123362,35589397,https://mydramalist.com/710595-hi-venus
Descendants of the Sun,태양의 후예,2016,South Korea,8.6,98757,8.2,306345,25831874,https://mydramalist.com/10904-descendants-of-the-sun
The Flaming Heart,你好，火焰蓝,2021,China,7.5,2210,5.1,116012,35231076,https://mydramalist.com/73395-ni-hao-huo-yan-lan
Mouse,마우스,2021,South Korea,8.8,22202,8.7,164268,35027568,https://mydramalist.com/58953-mouse
Boys Over Flowers,꽃보다 남자,2009,South Korea,7.5,86679,7.5,73708,3528554,https://mydramalist.com/2987-boys-over-flowers
Fragrance of the First Flower,第一次遇見花香的那刻,2021,Taiwan,7.4,626,8.4,76251,35459040,https://mydramalist.com/700737-fragrance-of-the-first-flower
Big Mouth,빅마우스,2022,South Korea,8.5,23401,7.2,75196,35465741,https://mydramalist.com/685801-big-mouse
Taxi Driver Season 2,모범택시2,2023,South Korea,8.9,11277,8.6,43917,35519040,https://mydramalist.com/705589-taxi-driver-2
The Day of Becoming You,变成你的那一天,2021,China,8.5,8979,7.6,159426,35231321,https://mydramalist.com/66743-the-day-of-becoming-you
Ossan's Love,おっさんずラブ,2018,Japan,7.6,5725,8.2,56714,30156023,https://mydramalist.com/27866-ossan-s-love
Bad Buddy,แค่เพื่อนครับเพื่อน,2021,Thailand,8.4,37980,9.0,54406,35280547,https://mydramalist.com/682589-bad-buddy
New Life Begins,卿卿日常,2022,China,8.6,6560,7.1,257349,35465009,https://mydramalist.com/700341-qing-chuan-daily-life
You Are My Hero,你是我的城池营垒,2021,China,8.6,14041,7.2,212211,30483667,https://mydramalist.com/49877-love-to-be-loved-by-you
Mr. Bad,我的反派男友,2022,China,8.1,7050,7.4,64570,35604144,https://mydramalist.com/711417-wo-de-fan-pai-nan-you
The Ingenious One,云襄传,2023,China,8.1,1301,7.3,110872,35136858,https://mydramalist.com/63949-the-gate-of-renewal
Strange Tales of Tang Dynasty,唐朝诡事录,2022,China,8.3,824,7.9,262448,35235151,https://mydramalist.com/78279-horror-stories-of-tang-dynasty
The Hippocratic Crush,On Call 36小時,2012,Hong Kong,8.1,792,8.1,32842,6518753,https://mydramalist.com/3481-the-hippocratic-crush
The Red Sleeve,옷소매 붉은 끝동,2021,South Korea,8.8,17932,8.3,30899,35131282,https://mydramalist.com/61399-dress-sleeved-red
The Dark Lord,夜天子,2018,China,7.9,759,7.4,39378,27005229,https://mydramalist.com/25294-the-dark-lord
My Lovely Girl,내겐 너무 사랑스러운 그녀,2014,South Korea,6.8,9806,5.8,25967,25798835,https://mydramalist.com/10846-my-lovely-girl
The Justice,光芒,2021,China,8.0,618,6.1,33375,35020491,https://mydramalist.com/62121-light
Iljimae,일지매,2008,South Korea,8.3,9180,8.6,30371,3055431,https://mydramalist.com/118-iljimae-2008
Doctors,닥터스,2016,South Korea,7.9,35039,7.2,37444,26700713,https://mydramalist.com/16192-doctors
Princess Silver,白发,2019,China,8.0,3928,5.7,37412,30181485,https://mydramalist.com/28600-princess-silver
All Out of Love,凉生，我们可不可以不忧伤,2018,China,7.3,851,4.9,30478,26774173,https://mydramalist.com/21354-liang-sheng-can-we-not-be-laden-with-grief
Love of Aurora,极光之恋,2017,China,7.3,538,2.4,28296,26830891,https://mydramalist.com/20950-love-of-aurora
Fireworks of My Heart,我的人间烟火,2023,China,8.2,8961,2.8,422119,35642479,https://mydramalist.com/713795-wo-de-ren-jian-yan-hou
The Legend of Hao Lan,皓镧传,2019,China,7.8,1725,4.8,29284,25970953,https://mydramalist.com/29091-beauty-hao-lan
My Boss,你也有今天,2024,China,7.9,2888,7.0,32523,34948315,https://mydramalist.com/70241-ni-ye-you-jin-tian
A League of Nobleman,君子盟,2023,China,8.3,2566,6.2,32098,27145064,https://mydramalist.com/61971-the-society-of-four-leaves
Justice in the Dark,光·渊,2023,China,8.4,740,7.5,32289,27167084,https://mydramalist.com/50145-the-light-in-the-night
Fifteen Years to Wait for Migratory Birds,十五年等待候鸟,2016,China,7.6,1360,7.4,37904,26637891,https://mydramalist.com/16155-fifteen-years-to-wait-for-migratory-birds
Waking Love Up,愛情睡醒了,2011,China,7.6,942,6.2,34890,6041216,https://mydramalist.com/3127-waking-love-up
Vagabond,배가본드,2019,South Korea,8.5,38435,8.1,34336,27153693,https://mydramalist.com/28742-vagabond
One and Only,周生如故,2021,China,8.7,7446,7.3,273593,35480932,https://mydramalist.com/63781-love-your-bones-forever-2
Bloody Monday,ブラッディ・マンデイ,2008,Japan,8.3,6881,8.1,29816,3259416,https://mydramalist.com/14-bloody-monday
Amachan,あまちゃん,2013,Japan,8.2,801,9.3,36623,10581289,https://mydramalist.com/6182-amachan
Flower Boy Next Door,이웃집 꽃미남,2013,South Korea,7.6,29194,7.2,33555,20429054,https://mydramalist.com/5626-flower-boy-next-door
The Legend of Zu,蜀山战纪之剑侠传奇蜀,2015,China,7.6,899,7.2,34461,25958839,https://mydramalist.com/12332-the-legend-of-zu
The Queen's Classroom,여왕의교실,2013,South Korea,7.9,1604,8.9,36046,1465654,https://mydramalist.com/6656-the-queens-classroom-2013
My Roommate Is a Detective,民国奇探,2020,China,8.3,4101,7.0,108025,30474674,https://mydramalist.com/34129-my-roommate-is-a-detective
Eve,이브,2022,South Korea,7.8,8559,6.4,26651,35592387,https://mydramalist.com/710941-eve-s-scandal
Cambrian Period,寒武纪,2017,China,8.0,2323,6.5,34879,26939218,https://mydramalist.com/23492-cambrian-period
Encounter,남자친구,2018,South Korea,8.1,16953,6.8,30276,30267930,https://mydramalist.com/29722-boyfriend
Love Through a Millennium,相爱穿梭千年,2015,China,7.6,1530,6.6,27291,26219597,https://mydramalist.com/12366-love-through-a-millennium
Delicacies Destiny,珍馐记,2022,China,7.7,665,6.8,26086,35390375,https://mydramalist.com/692403-zhen-xiu-ji
Shining Inheritance,찬란한 유산,2009,South Korea,7.9,14866,7.5,39432,3714030,https://mydramalist.com/70-shining-inheritance
Because of You,因為愛你,2020,Taiwan,7.4,15052,4.8,29276,26637890,https://mydramalist.com/54451-because-of-you
Yumi's Cells,유미의 세포들,2021,South Korea,8.4,19219,8.4,34156,35067931,https://mydramalist.com/60627-yumi-s-cell
Find Me in Your Memory,그 남자의 기억법,2020,South Korea,8.2,14216,8.2,38398,34881313,https://mydramalist.com/50941-the-man-s-memory
Youth of May,오월의 청춘,2021,South Korea,8.7,20001,8.6,25669,35296160,https://mydramalist.com/74275-youth-of-may
Miss the Dragon,遇龙,2021,China,7.7,5670,3.6,33491,34912918,https://mydramalist.com/53591-yu-long
Royal Feast,尚食,2022,China,7.9,2108,5.5,33217,30463682,https://mydramalist.com/51215-shang-shi
Age of Youth,청춘시대,2016,South Korea,8.5,32712,8.8,36714,26815052,https://mydramalist.com/18896-age-of-youth
Diary of a Prosecutor,검사내전,2019,South Korea,8.2,2478,9.1,30349,33476050,https://mydramalist.com/33543-war-of-prosecutors
Dreaming Back to the Qing Dynasty,梦回,2019,China,7.9,2094,3.7,34854,26811780,https://mydramalist.com/33098-dreaming-back-to-the-qing-dynasty
Liar Game 2,ライアーゲーム 2,2009,Japan,8.4,6737,8.5,39172,3685955,https://mydramalist.com/41-liar-game-2
Let's Fight Ghost,Let’s Fight Ghost คู่ไฟท์ไฝว้ผี,2021,Thailand,8.1,1585,7.3,29305,26781753,https://mydramalist.com/39883-let-s-fight-ghost
The World That They Live In,그들이 사는 세상,2008,South Korea,7.3,2711,8.2,38524,3254235,https://mydramalist.com/314-the-world-that-they-live-in
Dear Sister,ディア・シスター,2014,Japan,8.2,3062,7.9,26403,25975924,https://mydramalist.com/11189-dear-sister
The Tale of Nokdu,조선로코 녹두전,2019,South Korea,8.3,24024,7.2,25526,30255073,https://mydramalist.com/34027-mung-bean-chronicles
Hua Jai Sila,หัวใจศิลา,2019,Thailand,8.3,6816,7.9,25978,30463396,https://mydramalist.com/27173-hua-jai-sila
Secret Love,시크릿 러브,2014,South Korea,7.5,2083,8.2,34517,25703454,https://mydramalist.com/10446-secret-love-2014
Hi My Sweetheart,海派甜心,2009,Taiwan,7.5,6052,6.8,35190,4063063,https://mydramalist.com/54-hi-my-sweetheart
Take My Brother Away,快把我哥帶走,2018,China,7.9,2405,7.4,32753,27045331,https://mydramalist.com/29525-take-my-brother-away
All About Eve,이브의 모든것,2000,South Korea,7.6,1134,8.6,38570,1761848,https://mydramalist.com/664-all-about-eve
Granting You a Dreamlike Life,许你浮生若梦,2018,China,7.6,862,6.0,38270,27083552,https://mydramalist.com/24342-granting-you-a-dreamlike-life
Beyond Evil,괴물,2021,South Korea,8.7,22442,8.3,32651,35073642,https://mydramalist.com/60911-monster
Osen,おせん,2008,Japan,7.5,544,8.4,34678,3003093,https://mydramalist.com/434-osen
My Fair Lady,아가씨를 부탁해,2009,South Korea,7.2,9282,6.7,39594,3892240,https://mydramalist.com/100-my-fair-lady
Black Pean,ブラックペアン,2018,Japan,8.2,920,7.6,30165,30135594,https://mydramalist.com/27444-black-pean
Uncontrollably Fond,함부로 애틋하게,2016,South Korea,8.1,34304,6.6,39446,26596124,https://mydramalist.com/15320-uncontrollably-fond
Love Actually,人间至味是清欢,2017,China,7.3,600,4.8,31728,26842672,https://mydramalist.com/22405-love-actually
I Will Never Let You Go,小女花不弃,2019,China,7.7,3406,5.6,29539,27202960,https://mydramalist.com/27606-legend-of-huabuo
The Longest Promise,玉骨遥,2023,China,7.8,3888,6.3,287553,35041292,https://mydramalist.com/61427-zhu-yan
Snowdrop,설강화,2021,South Korea,8.4,23232,7.3,36188,35131289,https://mydramalist.com/62575-snowdrop
The Love Lasts Two Minds,两世欢,2020,China,7.7,1375,5.2,26223,30331589,https://mydramalist.com/32796-past-life-and-life
Hot Shot,籃球火,2008,Taiwan,7.3,1622,6.5,27089,3062731,https://mydramalist.com/236-hot-shot
Fairyland Lovers,蓬莱间,2020,China,7.9,2230,6.3,28415,30421584,https://mydramalist.com/33720-in-peng-lai
Never Gone,原来你还在这里,2018,China,7.5,739,6.7,28256,26787123,https://mydramalist.com/25536-never-gone
Because of Love,今生有你,2022,China,7.9,1085,5.9,36763,34930807,https://mydramalist.com/54947-wang-hou-yu-sheng
Discovery of Romance,연애의 발견,2014,South Korea,7.6,6007,8.5,27388,25851801,https://mydramalist.com/9849-discovery-of-romance
Legend of Nine Tails Fox,青丘狐传说,2016,China,7.5,558,6.2,27057,26301569,https://mydramalist.com/15370-legend-of-nine-tails-fox
Influence,インフルエンス,2021,Japan,8.3,857,7.8,28090,35280738,https://mydramalist.com/682795-influence
Our Blues,우리들의 블루스,2022,South Korea,8.6,13457,8.8,25686,35441504,https://mydramalist.com/697585-our-blues
Chronicle of Life,寂寞空庭春欲晚,2016,China,7.5,632,5.0,26468,6872259,https://mydramalist.com/15901-chronicle-of-life
Ice Fantasy,幻城,2016,China,7.4,3412,3.8,31005,26274328,https://mydramalist.com/15246-ice-fantasy
The Murder in Kairoutei,回廊亭,2022,China,7.5,857,4.1,28645,33427463,https://mydramalist.com/56069-the-corridor-pavilion
We Are Peaceful Brothers,오늘도 형제는 평화롭다,2017,South Korea,7.8,1262,8.3,26009,27195065,https://mydramalist.com/26138-we-are-peaceful-brothers
Miss No Good,不良笑花,2008,Taiwan,7.0,2615,5.6,29030,3153642,https://mydramalist.com/161-miss-no-good
Second to Last Love,끝에서 두번째 사랑,2016,South Korea,7.4,1482,9.0,26657,6989744,https://mydramalist.com/17319-second-to-last-love
Happiness,해피니스,2021,South Korea,8.9,42578,6.5,30779,35377080,https://mydramalist.com/690709-happiness
"My Boss, My Hero",マイ★ボス マイ★ヒーロー,2006,Japan,8.1,7035,8.3,32520,1905577,https://mydramalist.com/98-my-boss-my-hero-2006
Rakshasa Street,镇魂街,2017,China,7.8,948,8.7,55838,26392671,https://mydramalist.com/23715-rakshasa-street
My Liberation Notes,나의 해방일지,2022,South Korea,8.6,18086,9.0,131881,35322421,https://mydramalist.com/685441-an-untitled-jtbc-project
Let's Go Watch Meteor Shower,一起来看流星雨,2009,China,7.1,1737,5.7,80135,3546712,https://mydramalist.com/874-lets-go-watch-meteor-shower
Corner With Love,轉角*遇到愛,2007,Taiwan,7.1,1691,6.7,45983,2158647,https://mydramalist.com/292-corner-with-love
D.I.E.,古靈精探,2008,Hong Kong,7.7,507,8.0,49878,3012309,https://mydramalist.com/983-d.i.e
Cross Fire,穿越火线,2020,China,8.6,2905,7.9,176192,30399268,https://mydramalist.com/33767-crossfire
Running Man,런닝맨,2010,South Korea,9.2,6086,7.7,63756,25899362,https://mydramalist.com/25565-running-man
Sword Dynasty,剑王朝,2019,China,7.7,1036,6.3,65447,27186311,https://mydramalist.com/30396-sword-dynasty
Shinya Shokudo 3,深夜食堂 3,2014,Japan,8.1,565,9.0,37218,25958786,https://mydramalist.com/11105-shinya-shokudo-3
Love by Chance,บังเอิญรัก,2018,Thailand,7.7,30496,8.4,35591,30291579,https://mydramalist.com/27393-love-by-chance
One Spring Night,봄밤,2019,South Korea,8.3,23148,8.4,87138,30428225,https://mydramalist.com/32977-spring-night
Hero,히어로,2009,South Korea,7.3,1611,8.9,32736,1441060,https://mydramalist.com/196-hero-2009
I Told Sunset About You: The Documentary,แปลรักฉันด้วยใจเธอ The Documentary,2020,Thailand,8.3,1465,9.8,20601,35265428,https://mydramalist.com/79847-i-told-sunset-about-you-the-documentary
A Piece of Your Mind,반의 반,2020,South Korea,8.1,12447,8.2,24003,34803028,https://mydramalist.com/38491-half-of-half
Hospital Playlist Goes Camping,슬기로운 캠핑생활,2021,South Korea,8.7,1154,9.3,20216,35382366,https://mydramalist.com/690567-wise-camping-life
Not Me,เขา...ไม่ใช่ผม,2021,Thailand,8.5,29392,8.8,24496,35280525,https://mydramalist.com/682595-not-me
Maou,魔王,2008,Japan,8.3,3847,8.2,20954,3196686,https://mydramalist.com/92-maou
The Four,少年四大名捕,2015,China,7.8,1153,7.2,24751,2995158,https://mydramalist.com/7177-the-four
Symphony's Romance,蜗牛与黄鹂鸟,2020,China,8.0,1494,4.1,20430,30272975,https://mydramalist.com/31265-cantabile-youth
Summer's Desire,泡沫之夏,2010,Taiwan,7.6,1981,5.2,22426,26744053,https://mydramalist.com/209-summers-desire
Wonderful Life,원더풀 라이프,2005,South Korea,7.5,3668,5.0,21904,26972555,https://mydramalist.com/321-wonderful-life-2005
Can't Buy Me Love,公主嫁到,2010,Hong Kong,7.9,606,7.3,39909,4189694,https://mydramalist.com/2165-cant-buy-me-love
Here to Heart,温暖的弦,2018,China,7.6,4071,4.9,20410,26311907,https://mydramalist.com/24039-here-to-heart
The Mysteries of Love,談情說案,2010,Hong Kong,7.7,515,7.4,50641,3864306,https://mydramalist.com/2669-the-mysteries-of-love
Heart of Greed,溏心風暴,2007,Hong Kong,7.8,593,8.1,43771,2124746,https://mydramalist.com/1581-heart-of-greed
Idol Producer,偶像练习生,2018,China,8.6,2539,6.2,66879,27594877,https://mydramalist.com/27125-idol-producer
Produce 101,프로듀스 101,2016,South Korea,8.1,3103,5.4,48701,30373781,https://mydramalist.com/25617-produce-101-season-1
Buzzer Beat,ブザー・ビート ～崖っぷちのヒーロー～,2009,Japan,7.9,9520,7.7,26522,3737098,https://mydramalist.com/49-buzzer-beat
Nazotoki wa Dinner no Ato de,謎解きはディナーのあとで,2011,Japan,7.5,1936,7.0,20402,6793351,https://mydramalist.com/2998-nazotoki-wa-dinner-no-ato-de
Coffee & Vanilla,コーヒー＆バニラ,2019,Japan,6.9,15244,6.2,36104,33459786,https://mydramalist.com/37567-coffee-vanilla
Beautiful Life,ビューティフルライフ,2000,Japan,7.9,1536,8.4,20097,1465021,https://mydramalist.com/782-beautiful-life
Kurosagi,クロサギ,2006,Japan,7.7,7361,7.5,33067,1825679,https://mydramalist.com/44-kurosagi
Absolute Boyfriend,絕對達令,2012,Taiwan,7.0,2886,7.6,24637,3011224,https://mydramalist.com/2115-absolute-boyfriend
Nobunaga Concerto,信長協奏曲,2014,Japan,8.3,3343,7.8,22417,25881537,https://mydramalist.com/10067-nobunaga-concerto
My Little Princess,亲爱的公主病,2016,China,7.7,8784,6.9,23279,26675616,https://mydramalist.com/19806-my-little-princess
Love You Seven Times,七时吉祥,2023,China,8.4,4429,6.2,104439,35161396,https://mydramalist.com/68185-the-seventh-generation
Royal Rumours,花琉璃轶闻,2023,China,8.0,3067,6.2,24350,35634027,https://mydramalist.com/711035-zao-zuo-shi-guang
Daily Dose of Sunshine,정신병동에도 아침이 와요,2023,South Korea,8.8,13964,8.9,22177,35765484,https://mydramalist.com/720737-morning-comes-to-the-mental-ward
A Shop for Killers,킬러들의 쇼핑몰,2024,South Korea,8.8,9003,7.4,22102,36174946,https://mydramalist.com/744135-the-killer-s-shopping-mall
My Mr. Mermaid,浪花一朵朵,2017,China,8.1,6526,5.4,23837,26754618,https://mydramalist.com/22162-my-mr.-mermaid
At the Moment,此時此刻,2023,Taiwan,7.6,514,6.7,22812,36093403,https://mydramalist.com/747289-at-the-moment
Twinkling Watermelon,반짝이는 워터멜론,2023,South Korea,9.2,27347,8.8,43088,36117731,https://mydramalist.com/739603-sparkling-watermelon
City of Streamer,流光之城,2022,China,8.0,1618,6.5,20716,35160900,https://mydramalist.com/63607-liu-guang-zhi-cheng
Oh My General,将军在上,2017,China,7.9,3889,5.3,24349,26808247,https://mydramalist.com/20114-oh-my-general
Again My Life,어게인 마이 라이프,2022,South Korea,8.3,9698,7.6,23325,35623383,https://mydramalist.com/692043-again-my-life
Sealed with a Kiss,千山暮雪,2011,China,7.5,1118,7.1,21425,5401730,https://mydramalist.com/3395-sealed-with-a-kiss
Stealth Walker,玫瑰行者,2021,China,8.1,994,7.4,23745,34865955,https://mydramalist.com/50393-stealth-walker
Die Now,端脑,2017,China,8.0,736,7.4,22487,27006122,https://mydramalist.com/26512-die-now
The Long Season,漫长的季节,2023,China,8.1,194,9.4,958369,35588177,https://mydramalist.com/723115-man-chang-de-ji-jie
Goblin,도깨비,2016,South Korea,8.8,119181,8.9,518584,26761935,https://mydramalist.com/18452-goblin
Immortal Samsara,沉香如屑,2022,China,8.4,7648,5.9,600160,35029547,https://mydramalist.com/72025-chen-xiang-ru-xie
Love Me If You Dare,他来了，请闭眼,2015,China,8.4,14410,6.7,69454,26088457,https://mydramalist.com/13857-love-me-if-you-dare
Love Like the Galaxy,星汉灿烂·月升沧海,2022,China,9.0,18518,7.6,576400,35452438,https://mydramalist.com/687167-xing-han-can-lan
The Blue Whisper,与君初相识·恰似故人归,2022,China,8.4,5557,5.7,224780,35235410,https://mydramalist.com/64085-yu-jiao-ji
Lost You Forever,长相思 第一季,2023,China,8.6,5080,7.8,396265,396265,https://mydramalist.com/44985-lost-you-forever
Strong Woman Do Bong Soon,힘쎈여자 도봉순,2017,South Korea,8.7,121994,8.1,115967,26815054,https://mydramalist.com/18894-strong-woman-do-bong-soon
Weightlifting Fairy Kim Bok Joo,역도요정 김복주,2016,South Korea,8.8,106389,8.7,218497,26836808,https://mydramalist.com/19262-weightlifting-fairy-kim-bok-joo
It's Okay to Not Be Okay,사이코지만 괜찮아,2020,South Korea,8.9,104311,8.4,153733,34861170,https://mydramalist.com/49865-psycho-but-it-s-okay
Hotel Del Luna,호텔 델루나,2019,South Korea,8.6,77532,7.9,175975,30433323,https://mydramalist.com/32925-hotel-del-luna
Full House,วุ่นนัก รักเต็มบ้าน,2014,Thailand,8.3,10681,7.9,35389,24843561,https://mydramalist.com/9828-full-house
"Twenty-five, Twenty-one",스물다섯 스물하나,2022,South Korea,8.8,48033,8.1,108015,35414572,https://mydramalist.com/695149-twenty-five-twenty-one
Glory of Special Forces,特战荣耀,2022,China,8.6,1770,7.0,64524,30284118,https://mydramalist.com/30867-special-forces
Nirvana in Fire Season 2: The Wind Blows in Chang Lin,琅琊榜之风起长林,2017,China,8.7,2555,8.4,195859,26665065,https://mydramalist.com/20566-nirvana-in-fire-2-the-wind-blows-in-chang-lin
Love Endures,要久久爱,2024,China,8.2,1052,7.2,129498,36097798,https://mydramalist.com/698211-my-love-in-seventeen
Eternal Love of Dream,三生三世枕上书,2020,China,8.6,10720,6.8,357156,26915522,https://mydramalist.com/26385-three-lives-three-worlds-the-pillow-book
Till the End of the Moon,长月烬明,2023,China,8.6,13216,5.6,372056,35501483,https://mydramalist.com/693513-hei-yue-guang-wen-na-be-ju-ben
The Bad Kids,隐秘的角落,2020,China,8.6,2278,8.8,1160233,33404425,https://mydramalist.com/51571-cat-s-cradle
The Long Ballad,长歌行,2021,China,8.7,13825,6.0,337959,26926445,https://mydramalist.com/53953-princess-changge
The Imperial Coroner,御赐小仵作,2021,China,8.5,5037,8.0,363801,32581207,https://mydramalist.com/50135-the-imperial-coroner
The Wolf,狼殿下,2020,China,8.0,5429,6.1,374008,26743567,https://mydramalist.com/24662-the-wolf
All Is Well,都挺好,2019,China,8.2,507,7.7,366206,27088993,https://mydramalist.com/27048-all-is-well
Falling Into Your Smile,你微笑时很美,2021,China,8.6,36774,3.2,415592,30148173,https://mydramalist.com/49241-falling-into-your-smile
Douluo Continent,斗罗大陆,2021,China,8.4,8713,6.4,894652,30313969,https://mydramalist.com/33701-douluo-continent
The Longest Day in Chang'an,长安十二时辰,2019,China,8.5,1191,8.1,487855,26849758,https://mydramalist.com/28435-the-longest-day-in-chang-an
Meet Yourself,去有风的地方,2023,China,8.9,5947,8.7,327055,35662223,https://mydramalist.com/715585-you-feng-de-di-fang
Ultimate Note,终极笔记,2020,China,8.7,2652,8.2,279837,34794707,https://mydramalist.com/51397-final-chronicles
Luoyang,风起洛阳,2021,China,8.2,2405,6.3,260877,33442334,https://mydramalist.com/59017-luo-yang
The Youth Memories,梦中的那片海,2023,China,8.4,1181,7.5,311065,35431983,https://mydramalist.com/716777-where-dreams-begin
Nothing but Thirty,三十而已,2020,China,8.3,1195,6.6,285199,26608230,https://mydramalist.com/37221-nothing-but-thirty
The Psychologist,女心理师,2021,China,7.7,1957,5.2,239099,30313647,https://mydramalist.com/65171-female-psychiatrist
Love O2O,微微一笑很倾城,2016,China,8.3,47769,7.2,249649,26427831,https://mydramalist.com/15031-love-o2o
Scarlet Heart,步步惊心,2011,China,8.4,5458,8.4,322353,5384548,https://mydramalist.com/2969-scarlet-heart
Hidden Love,偷偷藏不住,2023,China,9.0,35042,6.7,187277,35899932,https://mydramalist.com/729705-hidden-love
Who Rules the World,且试天下,2022,China,8.7,16569,5.6,149904,26339609,https://mydramalist.com/54851-try-the-world
Noble Aspirations,青云志,2016,China,8.1,2687,6.9,150890,25823275,https://mydramalist.com/16645-noble-aspirations
Sword Snow Stride,雪中悍刀行,2021,China,8.7,4263,5.9,184210,27034752,https://mydramalist.com/59487-sword-snow-stride
Heavenly Sword and Dragon Slaying Sabre,倚天屠龙记,2019,China,8.2,2304,8.5,176415,3901418,https://mydramalist.com/22656-heavenly-sword-and-dragon-saber
Lovely Us,如此可爱的我们,2020,China,8.6,3070,8.1,169042,34801099,https://mydramalist.com/52897-lovely-us
Be Reborn,重生之门,2022,China,8.3,1283,6.7,186106,35359490,https://mydramalist.com/688487-be-reborn
Ode to Joy Season 2,欢乐颂2,2017,China,8.2,1324,5.4,139809,26743573,https://mydramalist.com/20582-ode-to-joy-2
Wu Xin: The Monster Killer,无心法师,2015,China,7.9,1114,8.4,144241,26298756,https://mydramalist.com/14867-wu-xin-the-monster-killer
The Princess Wei Young,锦绣未央,2016,China,8.4,9964,4.9,73973,26344999,https://mydramalist.com/15338-the-princess-wei-young
With You,在一起,2020,China,8.3,552,8.4,106604,34991672,https://mydramalist.com/58585-together
Surgeons,外科风云,2017,China,8.2,1695,7.3,89830,26683725,https://mydramalist.com/20536-surgeons
Sweet Combat,甜蜜暴击,2018,China,7.7,5866,2.8,81656,27034587,https://mydramalist.com/24095-sweet-combat
I Don't Want to Be Friends With You,我才不要和你做朋友呢,2020,China,8.3,1326,8.1,206659,34863327,https://mydramalist.com/51651-i-don-t-want-to-be-friends-with-you
Fighter of the  Destiny,择天记,2017,China,7.6,3031,4.3,93227,26614082,https://mydramalist.com/18952-fighter-of-the-destiny
Being a Hero,冰雨火,2022,China,8.0,757,6.9,202001,34908108,https://mydramalist.com/53543-being-a-hero
The Destiny of White Snake,天乩之白蛇传说,2018,China,7.9,2066,6.2,86092,26956031,https://mydramalist.com/22500-the-destiny-of-white-snake
A Romance of the Little Forest,两个人的小森林,2022,China,8.0,5409,6.2,73376,35431984,https://mydramalist.com/696659-two-people-s-little-forest
Once Upon a Time in Lingjian Mountain,从前有座灵剑山,2019,China,8.2,3629,7.0,89446,26877434,https://mydramalist.com/33252-once-upon-a-time-there-was-a-spirit-blade-mountain
Legend of Yun Xi,芸汐传,2018,China,8.1,8033,6.0,90137,26897025,https://mydramalist.com/23956-legend-of-yun-xi
Never Say Goodbye,不说再见,2021,China,7.9,779,3.9,70276,30284901,https://mydramalist.com/30302-never-say-goodbye
Eagles and Youngster,天坑鹰猎,2018,China,8.1,593,7.4,128022,27119802,https://mydramalist.com/28725-eagles-and-youngster
The Legend of Anle,安乐传,2023,China,7.7,3354,5.7,113087,35248734,https://mydramalist.com/79871-legend-of-anle
Novoland: Pearl Eclipse,斛珠夫人,2021,China,8.3,4064,4.8,126248,26798457,https://mydramalist.com/31998-novoland-pearl-eclipse
The Flame's Daughter,烈火如歌,2018,China,7.8,3926,5.9,92848,26703476,https://mydramalist.com/21920-liehuo-ruge
The Palace: The Lock Heart Jade,宫,2011,China,7.7,1654,6.5,129252,4917905,https://mydramalist.com/1480-palace-the-lock-heart-jade
Moonshine and Valentine,结爱·千岁大人的初恋,2018,China,7.7,7373,7.0,97157,27107131,https://mydramalist.com/25154-the-first-love-of-the-man-who-was-thousand-years-old
My True Friend,我的真朋友,2019,China,7.5,1338,4.3,75861,30208013,https://mydramalist.com/28943-my-true-friend
Rebirth for You,嘉南传,2021,China,7.8,3148,3.9,78284,32486616,https://mydramalist.com/39691-mu-nan-zhi
Our Secret,暗格里的秘密,2021,China,8.5,11477,6.8,80683,35087772,https://mydramalist.com/76433-secrets-in-the-lattice
Sweet Dreams,一千零一夜,2018,China,7.7,6166,5.3,115136,27088995,https://mydramalist.com/25025-sweet-dreams
Only for Love,以爱为营,2023,China,7.9,8648,4.3,113802,35444999,https://mydramalist.com/697877-cuo-liao
Super Star Academy,超星星学园,2016,China,7.2,2413,4.7,102349,26765418,https://mydramalist.com/19856-super-star-academy
Ming Dynasty,大明风华,2019,China,7.7,756,6.0,75859,27094895,https://mydramalist.com/26515-empress-of-the-ming-legend-of-sun-ruowei
Legend of Mi Yue,芈月传,2015,China,8.1,889,6.1,118344,21766654,https://mydramalist.com/11122-legend-of-miyue
"Go Princess, Go!",太子妃升职记,2015,China,7.7,2918,7.2,159810,26657015,https://mydramalist.com/16159-go-princess-go
My Sassy Princess,祝卿好,2022,China,8.0,3544,6.7,76976,35332993,https://mydramalist.com/686379-zhu-qing-hao
The King’s Avatar,全职高手,2019,China,8.5,12752,7.3,157852,26660368,https://mydramalist.com/24018-the-kings-avatar
The Great Ruler,北灵少年志之大主宰,2020,China,7.7,956,5.0,98089,26939233,https://mydramalist.com/28560-the-great-ruler
The Romance of the Condor Heroes,神雕侠侣,2014,China,7.9,1083,7.8,102074,2375707,https://mydramalist.com/8032-the-romance-of-the-condor-heroes
Tribes and Empires: Storm of Prophecy,九州·海上牧云记,2017,China,7.8,1016,6.8,80412,26322999,https://mydramalist.com/17023-tribes-and-empires-storm-of-prophecy
Legend of Fu Yao,扶摇,2018,China,8.3,9377,4.7,112291,26640097,https://mydramalist.com/23171-legend-of-fu-yao
Rush to the Dead Summer,夏至未至,2017,China,7.3,1673,4.6,76956,26734684,https://mydramalist.com/20178-rush-to-the-dead-summer
I Am Nobody,异人之下,2023,China,8.7,2477,8.1,106541,26853822,https://mydramalist.com/66507-the-outcast
Moonlight,月光变奏曲,2021,China,8.3,8119,7.0,122345,35058573,https://mydramalist.com/66455-moonlight
Thousand Years for You,请君,2022,China,7.8,1412,6.0,67531,35539518,https://mydramalist.com/706617-qing-jun-ci-jiao
The Blood of Youth,少年歌行,2022,China,8.9,4998,8.3,130769,35284451,https://mydramalist.com/683119-shao-nian-ge-xing
Too Late to Say I Love You,来不及说我爱你,2010,China,7.6,659,8.4,65188,4135704,https://mydramalist.com/4738-too-late-to-say-i-love-you
Love Is Sweet,半是蜜糖半是伤,2020,China,8.5,19256,6.7,123765,34857296,https://mydramalist.com/49871-love-is-sweet
Our Glamorous Time,你和我的倾城时光,2018,China,7.9,3565,5.5,68062,26386688,https://mydramalist.com/24203-our-glamorous-times
And the Winner Is Love,月上重火,2020,China,7.6,2414,5.5,68490,30304036,https://mydramalist.com/36267-and-the-winner-is-love
The Legend of the Condor Heroes,射雕英雄传,2017,China,8.1,1432,8.0,99237,26663086,https://mydramalist.com/19556-the-legend-of-the-condor-heroes
S.C.I,S.C.I.谜案集,2018,China,8.3,2692,7.1,60790,26816381,https://mydramalist.com/29548-s-c-i
Couple of Mirrors,双镜,2021,China,8.3,1770,6.8,62594,35131309,https://mydramalist.com/62355-couple-of-mirrors
My Bratty Princess,刁蛮公主,2005,China,8.0,875,7.1,64044,2327494,https://mydramalist.com/1481-my-bratty-princess
Chef Fang,花间提壶方大厨,2017,China,8.1,928,7.9,62867,26868416,https://mydramalist.com/23514-hua-jian-ti-hu-fang-da-chu
My Dear Guardian,爱上特种兵,2021,China,7.9,4124,4.3,62846,34908097,https://mydramalist.com/53547-dear-military-uniform
Unchained Love,浮图缘,2022,China,8.0,3006,6.5,131030,35459225,https://mydramalist.com/699391-fu-tu-tower
Byakuyako,白夜行,2006,Japan,8.0,1047,8.4,85156,2031438,https://mydramalist.com/621-byakuyako
The Blooms at Ruyi Pavilion,如意芳霏,2020,China,8.1,5932,4.7,50411,30291376,https://mydramalist.com/38587-the-way-of-favours
Broker,心跳源计划,2021,China,7.3,1239,4.0,52827,27067978,https://mydramalist.com/32006-broker
Dance of the Phoenix,且听凤鸣,2020,China,7.6,4135,6.1,50382,34446726,https://mydramalist.com/50097-shen-yi-feng-hou
My Mowgli Boy,我的莫格利男孩,2019,China,7.4,1666,5.6,52034,30291091,https://mydramalist.com/30902-my-mowgli-boy
Falling Before Fireworks,最食人间烟火色,2023,China,8.1,1623,7.5,58414,35391031,https://mydramalist.com/716895-zui-shi-ren-jian-yan-huo-se
The Love You Give Me,你给我的喜欢,2023,China,8.5,12227,7.2,54318,35732451,https://mydramalist.com/723145-the-love-you-give-me
Rising With the Wind,我要逆风去,2023,China,8.0,1317,7.3,50009,27124548,https://mydramalist.com/63985-i-want-to-go-against-the-wind
Mirror: A Tale of Twin Cities,镜·双城,2022,China,7.5,1571,3.6,56446,26918817,https://mydramalist.com/33697-mirror-twin-cities
Sword and Fairy 4,仙剑四,2024,China,8.1,1221,4.3,58861,26862252,https://mydramalist.com/54779-chinese-paladin-4
Meteor Garden,流星花园,2018,China,7.9,42635,3.5,55626,26974779,https://mydramalist.com/23184-meteor-garden
Black & White,痞子英雄,2009,Taiwan,8.0,1850,8.1,55825,3543956,https://mydramalist.com/369-black-white
A Female Student Arrives at the Imperial College,国子监来了个女弟子,2021,China,8.0,5476,3.9,57120,35131244,https://mydramalist.com/63349-here-comes-a-female-student-at-guo-zijian
New My Fair Princess,新还珠格格,2011,China,7.6,503,5.2,46078,4935039,https://mydramalist.com/3026-new-my-fair-princess
Ever Night Season 2,将夜2,2020,China,7.7,1833,5.4,44218,30417132,https://mydramalist.com/32728-ever-night-season-2
Here We Meet Again,三分野,2023,China,8.3,6560,6.6,42824,35480792,https://mydramalist.com/78337-san-fen-ye
Heroes,说英雄谁是英雄,2022,China,7.9,1545,6.3,44403,35192154,https://mydramalist.com/67855-say-hero-who-is-hero
The Promise of Chang’an,长安诺,2020,China,7.6,908,5.5,45904,30318029,https://mydramalist.com/33039-the-promise-of-chang-an
Scent of Time,为有暗香来,2023,China,8.3,2321,6.1,49985,35522243,https://mydramalist.com/705969-xi-qian-hua
Faithful,九义人,2023,China,8.1,555,7.9,43903,35623511,https://mydramalist.com/739821-the-nine
Falling Into You,炽道,2022,China,8.5,3490,7.4,46109,35525100,https://mydramalist.com/686115-chi-dao
Hot Girl,麻辣变形计,2016,China,7.7,1615,7.4,45436,26585909,https://mydramalist.com/17245-hot-girl
Lie to Love,良言写意,2021,China,7.8,3670,4.5,42321,26901433,https://mydramalist.com/65701-lie-to-love
Rookie Agent Rouge,胭脂,2016,China,8.1,1427,5.9,40648,26358699,https://mydramalist.com/15340-rookie-agent-rouge
Alliance,好事成双,2023,China,8.2,739,6.1,47269,35490184,https://mydramalist.com/702939-shuang-xi
Love Better Than Immortality,天雷一部之春花秋月,2019,China,8.0,6038,6.2,45778,30258233,https://mydramalist.com/31318-spring-flower-autumn-moon
The Legend of White Snake,新白娘子传奇,2019,China,7.6,3136,4.4,48712,26657834,https://mydramalist.com/28057-legend-of-white-snake
Sword and Fairy,祈今朝,2024,China,7.7,1391,5.0,43829,35597502,https://mydramalist.com/711225-qi-zinzhao
The Journey of Chong Zi,重紫,2023,China,7.2,1793,4.4,48390,35432425,https://mydramalist.com/62529-chong-zi
In a Class of Her Own,漂亮书生,2020,China,8.1,4499,4.9,48211,30463452,https://mydramalist.com/34415-in-a-class-of-her-own
The Love Equations,致我们甜甜的小美满,2020,China,8.1,8585,6.1,40392,30463518,https://mydramalist.com/36445-the-sweet-love-story
Go Go Squid 2: Dt. Appledog's Time,我的时代，你的时代,2021,China,8.1,5801,5.7,46644,34948200,https://mydramalist.com/58373-my-dear
Storm Eye,暴风眼,2021,China,7.8,932,5.5,62940,30476726,https://mydramalist.com/33612-storm-eye
Fake It Till You Make It,装腔启示录,2023,China,8.4,2725,8.1,139124,35587662,https://mydramalist.com/713793-fake-it-till-you-make-it
Tomb of the Sea,沙海,2018,China,8.3,1770,6.4,129131,26785790,https://mydramalist.com/29686-sand-sea
South Wind Knows,南风知我意,2023,China,7.6,1516,5.7,85384,30482094,https://mydramalist.com/54337-nan-feng-zhi-wo-yi
Crush,原来我很爱你,2021,China,8.4,12740,7.0,73499,35075590,https://mydramalist.com/63989-crush
Derailment,脱轨,2023,China,7.8,2679,6.7,63800,36016469,https://mydramalist.com/737525-derailment
Who Is the Murderer,谁是凶手,2021,China,7.7,535,6.2,216497,35180907,https://mydramalist.com/66969-light-on-series-who-is-the-murderer
Sunshine by My Side,骄阳伴我,2023,China,8.0,1688,7.2,156050,35132922,https://mydramalist.com/732835-sunshine-with-me
When I Fly Towards You,当我飞奔向你,2023,China,9.0,18844,7.9,113899,35172742,https://mydramalist.com/62295-luo-yao-knew-what-he-meant
Story of Kunning Palace,宁安如梦,2023,China,8.8,6912,6.8,128055,35465016,https://mydramalist.com/719227-ning-an-ru-meng
Miss Crow with Mr. Lizard,乌鸦小姐与蜥蜴先生,2021,China,8.2,7393,5.5,70229,35005204,https://mydramalist.com/58697-miss-crow-with-mr-lizard
Back From the Brink,护心,2023,China,8.5,7234,7.2,101785,35248698,https://mydramalist.com/79467-hu-xin
Nirvana in Fire,琅琊榜,2015,China,9.1,9649,9.4,826764,25754848,https://mydramalist.com/9025-nirvana-in-fire
Beauty of Resilience,花戎,2023,China,7.4,2379,5.1,62819,35390378,https://mydramalist.com/695281-hua-rong
Shining for One Thing,一闪一闪亮星星,2022,China,8.6,3280,6.8,186950,35087769,https://mydramalist.com/67269-the-moment-of-meeting-again
Destined,长风渡,2023,China,8.5,4203,6.5,163102,35087777,https://mydramalist.com/72599-chang-feng-du
Lighter & Princess,点燃我，温暖你,2022,China,8.6,12683,7.5,209277,35196753,https://mydramalist.com/68429-the-lighter-and-the-princess-gown
Twilight,暮色心约,2023,China,7.3,580,5.3,39218,35370771,https://mydramalist.com/698005-twilight
Fall in Love,一见倾心,2021,China,8.4,5560,4.7,34448,34935188,https://mydramalist.com/53549-fall-in-love
Please Feel at Ease Mr. Ling,一不小心捡到爱,2021,China,8.0,11895,4.3,25721,35082299,https://mydramalist.com/61887-please-feel-at-ease-mr-ling
Lost Track of Time,覆流年,2022,China,7.8,1293,6.4,27596,35605165,https://mydramalist.com/711585-fu-liu-nian
Seven of Me,柒个我,2017,China,7.9,696,5.7,33637,26584874,https://mydramalist.com/21802-seven-of-me
Love in Between,少年游之一寸相思,2020,China,7.9,1218,7.9,91634,30426829,https://mydramalist.com/31267-an-inch-of-yearning
Wonderland of Love,乐游原,2023,China,8.5,3698,6.7,33067,35725349,https://mydramalist.com/717585-le-you-yuan
The Brightest Star in the Sky,夜空中最闪亮的星,2019,China,8.2,10073,6.4,29846,27006213,https://mydramalist.com/24058-the-brightest-star-in-the-sky
The Legend of Xiao Chuo,燕云台,2020,China,7.8,1362,4.4,34005,30463519,https://mydramalist.com/34637-the-legend-of-xiao-chuo
Love Under the Full Moon,满月之下请相爱,2021,China,7.9,2587,4.4,39385,35234634,https://mydramalist.com/76781-love-under-the-full-moon
Lavender,薰衣草,2001,Taiwan,7.4,679,6.9,36632,2270536,https://mydramalist.com/812-lavender-2001
The Fox's Summer,狐狸的夏天,2017,China,7.9,6892,6.5,28667,26811778,https://mydramalist.com/21658-the-foxs-summer
Lucky's First Love,世界欠我一个初恋,2019,China,8.1,11559,6.7,32094,30299032,https://mydramalist.com/31239-the-world-owes-me-a-first-love
My Little Happiness,我的小确幸,2021,China,8.5,16986,6.5,36397,34880305,https://mydramalist.com/54335-my-small-indeed-fortunate
The Sleepless Princess,离人心上,2020,China,8.0,4207,6.5,28795,34995666,https://mydramalist.com/58693-the-sleepless-princess
Checkmate,民国大侦探,2022,China,7.7,642,6.2,27275,35559680,https://mydramalist.com/710935-min-guo-da-zhen-tan
Warm on a Cold Night,九霄寒夜暖,2023,China,8.2,2431,6.9,26081,35390439,https://mydramalist.com/77441-jiu-xiao-han-ye-nuan
Provoke,招惹,2023,China,7.9,2309,6.9,28119,36328436,https://mydramalist.com/739937-the-captive
The Sleuth of Ming Dynasty,成化十四年,2020,China,8.5,2682,5.7,26648,30361963,https://mydramalist.com/33272-the-story-of-ming-dynasty
A Little Thing Called First Love,初恋那件小事,2019,China,8.2,14273,6.2,36301,26877087,https://mydramalist.com/33645-a-little-thing-called-first-love
Court Lady,骊歌行,2021,China,8.0,2221,4.9,39520,30400625,https://mydramalist.com/33630-the-glorious-tang-stratagem
Love in Flames of War,良辰好景知几何,2022,China,7.6,1233,4.9,30318,27020660,https://mydramalist.com/54939-love-in-flames-of-war
Dance of the Sky Empire,天舞纪,2020,China,8.1,3759,5.5,25745,26926450,https://mydramalist.com/49159-dance-of-the-sky
River Flows to You,流淌的美好时光,2019,China,7.4,656,3.7,26507,27031380,https://mydramalist.com/24313-cry-me-a-sad-river
See You Tomorrow,明天也想见到你,2022,China,8.1,1878,6.9,26061,35248672,https://mydramalist.com/79717-i-see-you-again
Bright Eyes in the Dark,他从火光中走来,2023,China,7.8,1446,7.0,33352,35332288,https://mydramalist.com/61731-he-walks-from-the-fire
Introduction of the Princess,倾世皇妃,2011,China,7.3,791,5.7,33819,5384549,https://mydramalist.com/2877-introduction-of-the-princess
The Legend of Dugu,独孤天下,2018,China,7.9,1265,6.1,25124,24732881,https://mydramalist.com/21475-the-legend-of-dogu
Only Side by Side with You,南方有乔木,2018,China,7.6,2221,5.3,33444,26765222,https://mydramalist.com/23592-only-side-by-side-with-you
To Fly With You,陪你逐风飞翔,2021,China,8.5,5261,5.8,28726,35203355,https://mydramalist.com/70237-accompany-you-to-fly-by-the-wind
A Girl Like Me,我就是这般女子,2021,China,8.1,4741,5.5,35062,34863325,https://mydramalist.com/51973-wo-jiu-shi-zhe-ban-nu-zi
The Forbidden Flower,夏花,2023,China,8.3,2654,6.8,37105,35740400,https://mydramalist.com/718817-xia-hua
Legend of the Dragon Pearl: The Indistinguishable Road,龙珠传奇之无间道,2017,China,7.7,667,4.7,25769,26755568,https://mydramalist.com/19928-legend-of-the-dragon-pearl-the-indistinguishable-road
Divine Destiny,尘缘,2023,China,7.7,638,5.0,29976,26697695,https://mydramalist.com/73313-chen-yuan
Have a Crush on You,听说你喜欢我,2023,China,7.5,2087,5.9,25475,26916333,https://mydramalist.com/69971-have-a-crush-on-you
Love Scenery,良辰美景好时光,2021,China,8.4,12982,5.7,36798,34908096,https://mydramalist.com/52895-love-scenery
Summer's Desire,泡沫之夏,2018,China,7.4,746,5.9,37085,3670446,https://mydramalist.com/24240-summers-desire
The Rational Life,理智派生活,2021,China,8.2,5933,7.0,27121,35196776,https://mydramalist.com/68431-wu-fa-lian-ai-de-li-zhi-pai
Road Home,归路,2023,China,8.2,4555,5.7,35268,35465021,https://mydramalist.com/700295-gui-lu
The Best of You in My Mind,全世界最好的你,2020,China,8.1,5372,6.3,29962,30483665,https://mydramalist.com/35325-the-best-of-you-in-my-mind
Let's Meet Now,见面吧就现在,2022,China,8.0,951,7.5,39740,35390178,https://mydramalist.com/694981-let-s-meet-now
Weaving a Tale of Love,风起霓裳,2021,China,7.5,1050,4.0,28000,26990355,https://mydramalist.com/51573-da-tang-ming-yue
The Romance of Hua Rong,一夜新娘,2019,China,7.9,4307,5.7,30522,27616436,https://mydramalist.com/49959-one-night-bride
Produce 101 China,创造101,2018,China,7.9,1037,5.9,64570,30157162,https://mydramalist.com/28446-produce-101-china
Love Is Panacea,治愈系恋人,2023,China,7.7,1525,5.8,24334,35970329,https://mydramalist.com/735985-love-is-panacea
The Way We Were,归去来,2018,China,7.5,544,5.3,21075,26811528,https://mydramalist.com/23684-the-way-we-were
Produce Camp 2021,创造营2021,2021,China,8.5,1201,5.9,44298,35165368,https://mydramalist.com/65737-chuang-2021
Street Dance of China Season 3,这！就是街舞 第三季,2020,China,8.7,1342,8.2,86970,34979018,https://mydramalist.com/60593-street-dance-of-china-season-3
Joshi-teki Seikatsu,女子的生活,2018,Japan,7.6,951,8.2,24603,27192250,https://mydramalist.com/26209-life-as-a-girl
Street Dance of China Season 4,这！就是街舞 第四季,2021,China,8.5,868,7.6,45449,35251082,https://mydramalist.com/80159-street-dance-of-china-season-4
You Are My Destiny,你是我的命中注定,2020,China,7.9,12449,5.2,24077,30360410,https://mydramalist.com/31762-you-are-my-destiny
Beautiful Time With You,时光与你都很甜,2020,China,7.9,736,6.0,22243,33428664,https://mydramalist.com/39399-beautiful-time-with-you
Unforgettable Love,贺先生的恋恋不忘,2021,China,8.4,19790,5.6,20759,35161175,https://mydramalist.com/66371-unforgettable-love
Once We Get Married,只是结婚的关系,2021,China,8.2,11609,5.5,23235,34991527,https://mydramalist.com/61923-once-we-get-married
Sweet Teeth,世界微尘里,2021,China,8.4,9887,4.9,21183,35161589,https://mydramalist.com/63959-sweet-teeth
My Lethal Man,对我而言危险的他,2023,China,8.1,5479,6.4,24361,35679709,https://mydramalist.com/713373-she-who-is-dangerous-to-me
You Complete Me,小风暴之时间的玫瑰,2020,China,7.5,2407,5.6,23975,34880044,https://mydramalist.com/55061-rose-in-the-storm
Legally Romance,才不要和老板谈恋爱,2022,China,8.5,5174,6.0,20207,35390874,https://mydramalist.com/692791-cai-bu-yao-he-lao-ban-tan-lian-ai
Midsummer Is Full of Love,仲夏满天心,2020,China,7.6,4663,6.3,23702,6710009,https://mydramalist.com/49949-midsummer-is-full-of-hearts
Perfect and Casual,完美先生和差不多小姐,2020,China,8.3,18147,6.3,23955,34868295,https://mydramalist.com/54889-mr-perfect-and-miss-almost
Scarlet Heart Season 2,步步惊情,2014,China,6.9,1129,4.5,21122,10561869,https://mydramalist.com/4537-scarlet-heart-2
Be Yourself,机智的上半场,2021,China,8.2,2011,6.7,21450,35132326,https://mydramalist.com/65847-ji-zhi-de-shang-ban-chang
The Legend of the Condor Heroes,射雕英雄传,2008,China,8.1,1173,7.7,49511,3142715,https://mydramalist.com/2529-legend-of-the-condor-heroes-2008
Return of the Condor Heroes,神雕侠侣,2006,China,8.0,1301,5.2,33586,21356399,https://mydramalist.com/402-return-of-the-condor-heroes-2006
Gentlemen of East 8th,东八区的先生们,2022,China,7.8,456,2.1,216155,35160920,https://mydramalist.com/62339-gentlemen-attention-please
The K2,더 케이투,2016,South Korea,8.2,51408,6.9,31415,26827945.0,https://mydramalist.com/19048-the-k2
What's Wrong with Secretary Kim,김비서가 왜 그럴까,2018,South Korea,8.5,101457,8.0,220636,30181455.0,https://mydramalist.com/27885-why-secretary-kim
A Business Proposal,사내 맞선,2022,South Korea,8.7,98963,7.9,116921.0,35400242.0,https://mydramalist.com/693591-in-house-confrontation
Squid Game,오징어 게임,2021,South Korea,8.4,95051,7.7,503864.0,34812928.0,https://mydramalist.com/40257-round-six
The Knockout,狂飙,2023,China,8.2,361,8.5,918484.0,35465232.0,https://mydramalist.com/700427-punch-out
My Love from the Star,별에서 온 그대,2013,South Korea,8.5,80193,8.5,389683.0,25698722.0,https://mydramalist.com/7398-you-who-came-from-the-stars
Hospital Playlist Season 2,슬기로운 의사생활++,2021,South Korea,9.1,28344,9.5,182875.0,35049544.0,https://mydramalist.com/57173-hospital-playlist-2
Eulachacha Waikiki,으라차차 와이키키,2018,South Korea,8.6,32019,8.6,57448.0,27603684.0,https://mydramalist.com/26644-eulachacha-waikiki
The Penthouse Season 3: War in Life,펜트하우스 Ⅲ,2021,South Korea,8.1,13916,6.8,48107.0,35306372.0,https://mydramalist.com/681515-the-penthouse-season-3
Navillera,나빌레라,2021,South Korea,8.9,17659,9.3,21319.0,35033657.0,https://mydramalist.com/59381-navillera
The Legend of the Blue Sea,푸른 바다의 전설,2016,South Korea,8.3,63760,7.7,142065.0,26806061.0,https://mydramalist.com/18816-the-legend-of-the-blue-sea
Fight for My Way,쌈 마이웨이,2017,South Korea,8.5,66151,8.4,133721.0,26972688.0,https://mydramalist.com/22472-fight-for-my-way
Cheese in the Trap,치즈인더트랩,2016,South Korea,7.4,48387,7.2,104679.0,26393509.0,https://mydramalist.com/14457-cheese-in-the-trap
Legend of Concubine Zhen Huan,後宮甄嬛傳,2012,China,8.5,2341,9.4,748432.0,4922787.0,https://mydramalist.com/4474-legend-of-concubine-zhen-huan
Chinese Paladin Season 3,仙剑奇侠传之灵珠神剑,2009,China,8.0,1210,9.0,397269.0,3227335.0,https://mydramalist.com/487-chinese-paladin-3
My ID Is Gangnam Beauty,내 아이디는 강남미인,2018,South Korea,7.8,67218,7.5,104582.0,30232208.0,https://mydramalist.com/29185-my-id-is-gangnam-beauty